{"cameraMode":{"drawMode":0,"name":"Shaded","section":"Shading Mode"},"sceneLighting":false,"audioPlay":false,"sceneViewState":{"m_AlwaysRefresh":false,"showFog":true,"showSkybox":false,"showFlares":true,"showImageEffects":true,"showParticleSystems":true,"showVisualEffectGraphs":true,"m_FxEnabled":true},"in2DMode":false,"pivot":{"x":1.0299999713897706,"y":2.240000009536743,"z":-36.560001373291019},"rotation":{"x":0.31010693311691286,"y":0.005700297188013792,"z":-0.001855858601629734,"w":0.9506881833076477},"size":0.8660253882408142,"orthographic":false}