{"cameraMode":{"drawMode":0,"name":"Shaded","section":"Shading Mode"},"sceneLighting":false,"audioPlay":false,"sceneViewState":{"m_AlwaysRefresh":false,"showFog":true,"showSkybox":true,"showFlares":true,"showImageEffects":true,"showParticleSystems":true,"showVisualEffectGraphs":true,"m_FxEnabled":true},"in2DMode":false,"pivot":{"x":-0.5479734539985657,"y":0.000036657442251453176,"z":-19.648300170898439},"rotation":{"x":0.11303180456161499,"y":0.7676573395729065,"z":-0.14112403988838197,"w":0.6148310899734497},"size":25.161762237548829,"orthographic":false}